Id,Word
210,  PANIC
211, SOLAR
212, SHIRE
213, PROXY
214, POINT
215, ROBOT
216, PRICK
217, WINCE
218, CRIMP
219, KNOLL
220, SUGAR
221, WHACK
222, MOUNT
223, PERKY
224, COULD
227, THOSE
228, MOIST
229, SHARD
230, PLEAT
231, ALOFT
232, SKILL
233, ELDER
234, FRAME
235, HUMOR
236, PAUSE
237, ULCER
238, ULTRA
239, ROBIN
240, CYNIC
241, AROMA
242, CAULK
243, SHAKE
244, DODGE
245, SWILL
246, TACIT
247, OTHER
248, THORN
249, TROVE
250, BLOKE
251, VIVID
252, SPILL
253, CHANT
254, CHOKE
255, RUPEE
256, NASTY
257, MOURN
258, AHEAD
259, BRINE
260, CLOTH
261, HOARD
262, SWEET
263, MONTH
264, LAPSE
265, WATCH
266, TODAY
267, FOCUS
268, SMELT
269, TEASE
270, CATER
271, MOVIE
272, SAUTE
273, ALLOW
274, RENEW
275, THEIR
276, SLOSH
277, PURGE
278, CHEST
279, DEPOT
280, EPOXY
281, NYMPH
282, FOUND
283, SHALL
284, STOVE
285, LOWLY
286, SNOUT
287, TROPE
288, FEWER
289, SHAWL
290, NATAL
291, COMMA
292, FORAY
293, SCARE
294, STAIR
295, BLACK
296, SQUAD
297, ROYAL
298, CHUNK
299, MINCE
300, SHAME
301, CHEEK
302, AMPLE
303, FLAIR
304, FOYER
305, CARGO
306, OXIDE
307, PLANT
308, OLIVE
309, INERT
310, ASKEW
311, HEIST
312, SHOWN
313, ZESTY
314, TRASH
315, LARVA
